"date,""lead_name"",""business"",""area"",""phone_or_link"",""channel"",""status"",""next_action"",""next_date"",""notes"",""lead_id"""
"2026-03-05,""19 Media Events and Marketing"",""19 Media Events and Marketing"",""Abu Dhabi"","" 00"",""WhatsApp"",""NEW"",""Review and send compliant outreach"",""2026-03-05"",""YellowPages UAE profile | mobile | https://www.yellowpages-uae.com/19-media-events-and-marketing-194736"",""UAE0006"""
"2026-03-05,""19 Media Events and Marketing"",""19 Media Events and Marketing"",""Abu Dhabi"","" 00"",""WhatsApp"",""NEW"",""Review and send compliant outreach"",""2026-03-05"",""YellowPages UAE profile | mobile | https://www.yellowpages-uae.com/19-media-events-and-marketing-194736"",""UAE0007"""
"2026-03-05,""360 Facilities Management and Interiors"",""360 Facilities Management and Interiors"",""Abu Dhabi"","" 00"",""WhatsApp"",""NEW"",""Review and send compliant outreach"",""2026-03-05"",""YellowPages UAE profile | mobile | https://www.yellowpages-uae.com/360-facilities-management-and-interiors-193562"",""UAE0011"""
"2026-03-05,""360Passenger"",""360Passenger"",""Abu Dhabi"","" 00"",""WhatsApp"",""NEW"",""Review and send compliant outreach"",""2026-03-05"",""YellowPages UAE profile | mobile | https://www.yellowpages-uae.com/360passenger-188602"",""UAE0012"""
"2026-03-05,""360Passenger"",""360Passenger"",""Abu Dhabi"","" 00"",""WhatsApp"",""NEW"",""Review and send compliant outreach"",""2026-03-05"",""YellowPages UAE profile | mobile | https://www.yellowpages-uae.com/360passenger-188602"",""UAE0013"""
"2026-03-05,""3D Arch"",""3D Arch"",""Abu Dhabi"","" 00"",""WhatsApp"",""NEW"",""Review and send compliant outreach"",""2026-03-05"",""YellowPages UAE profile | mobile | https://www.yellowpages-uae.com/3d-arch-181669"",""UAE0015"""
"2026-03-05,""49&#x27"
"2026-03-05,""49&#x27"
"2026-03-05,""4D Valves and Fittings trading LLC"",""4D Valves and Fittings trading LLC"",""Abu Dhabi"","" 00"",""WhatsApp"",""NEW"",""Review and send compliant outreach"",""2026-03-05"",""YellowPages UAE profile | mobile | https://www.yellowpages-uae.com/4d-valves-and-fittings-trading-llc-182605"",""UAE0024"""
"2026-03-05,""A &amp"
"2026-03-05,""A and M Gulf Star General Maintenance and Contracting Sole Proprietorship LLC"",""A and M Gulf Star General Maintenance and Contracting Sole Proprietorship LLC"",""Abu Dhabi"","" 00"",""WhatsApp"",""NEW"",""Review and send compliant outreach"",""2026-03-05"",""YellowPages UAE profile | mobile | https://www.yellowpages-uae.com/a-and-m-gulf-star-general-maintenance-and-contracting-sole-proprietorship-llc-191482"",""UAE0033"""
"2026-03-05,""A and M Gulf Star General Maintenance and Contracting Sole Proprietorship LLC"",""A and M Gulf Star General Maintenance and Contracting Sole Proprietorship LLC"",""Abu Dhabi"","" 00"",""WhatsApp"",""NEW"",""Review and send compliant outreach"",""2026-03-05"",""YellowPages UAE profile | mobile | https://www.yellowpages-uae.com/a-and-m-gulf-star-general-maintenance-and-contracting-sole-proprietorship-llc-191482"",""UAE0034"""
"2026-03-05,""A K Trailer"",""A K Trailer"",""Abu Dhabi"","" 00"",""WhatsApp"",""NEW"",""Review and send compliant outreach"",""2026-03-05"",""YellowPages UAE profile | mobile | https://www.yellowpages-uae.com/a-k-trailer-117253"",""UAE0041"""
"2026-03-05,""A One Technology Fire Safety and Security System LLC"",""A One Technology Fire Safety and Security System LLC"",""Abu Dhabi"","" 00"",""WhatsApp"",""NEW"",""Review and send compliant outreach"",""2026-03-05"",""YellowPages UAE profile | mobile | https://www.yellowpages-uae.com/a-one-technology-fire-safety-and-security-system-llc-153677"",""UAE0046"""
"2026-03-05,""A Plus Advertising LLC"",""A Plus Advertising LLC"",""Abu Dhabi"","" 00"",""WhatsApp"",""NEW"",""Review and send compliant outreach"",""2026-03-05"",""YellowPages UAE profile | mobile | https://www.yellowpages-uae.com/a-plus-advertising-194432"",""UAE0050"""
"2026-03-05,""A to Z Electronics"",""A to Z Electronics"",""Abu Dhabi"","" 00"",""WhatsApp"",""NEW"",""Review and send compliant outreach"",""2026-03-05"",""YellowPages UAE profile | mobile | https://www.yellowpages-uae.com/a-to-z-electronics-149113"",""UAE0052"""
"2026-03-05,""A to Z Electronics"",""A to Z Electronics"",""Abu Dhabi"","" 00"",""WhatsApp"",""NEW"",""Review and send compliant outreach"",""2026-03-05"",""YellowPages UAE profile | mobile | https://www.yellowpages-uae.com/a-to-z-electronics-149113"",""UAE0053"""
"2026-03-05,""A To Z International Accessories"",""A To Z International Accessories"",""Abu Dhabi"","" 00"",""WhatsApp"",""NEW"",""Review and send compliant outreach"",""2026-03-05"",""YellowPages UAE profile | mobile | https://www.yellowpages-uae.com/a-to-z-international-accessories-154441"",""UAE0056"""
"2026-03-05,""A1 Maintenance and Cleaning Services LLC"",""A1 Maintenance and Cleaning Services LLC"",""Abu Dhabi"","" 00"",""WhatsApp"",""NEW"",""Review and send compliant outreach"",""2026-03-05"",""YellowPages UAE profile | mobile | https://www.yellowpages-uae.com/a1-maintenance-and-cleaning-services-llc-187570"",""UAE0060"""
"2026-03-05,""A1 Maintenance and Cleaning Services LLC"",""A1 Maintenance and Cleaning Services LLC"",""Abu Dhabi"","" 00"",""WhatsApp"",""NEW"",""Review and send compliant outreach"",""2026-03-05"",""YellowPages UAE profile | mobile | https://www.yellowpages-uae.com/a1-maintenance-and-cleaning-services-llc-187570"",""UAE0061"""
"2026-03-05,""A2Z Debt Collection"",""A2Z Debt Collection"",""Abu Dhabi"","" 00"",""WhatsApp"",""NEW"",""Review and send compliant outreach"",""2026-03-05"",""YellowPages UAE profile | mobile | https://www.yellowpages-uae.com/a2z-debt-collection-192705"",""UAE0063"""
"2026-03-05,""AA Handyman &amp"
"2026-03-05,""AAAI - Al Ain Automatic Irrigation Company LLC"",""AAAI - Al Ain Automatic Irrigation Company LLC"",""Abu Dhabi"","" 00"",""WhatsApp"",""NEW"",""Review and send compliant outreach"",""2026-03-05"",""YellowPages UAE profile | mobile | https://www.yellowpages-uae.com/aaai-al-ain-automatic-irrigation-company-llc-109839"",""UAE0066"""
"2026-03-05,""AB Middle East"",""AB Middle East"",""Abu Dhabi"","" 00"",""WhatsApp"",""NEW"",""Review and send compliant outreach"",""2026-03-05"",""YellowPages UAE profile | mobile | https://www.yellowpages-uae.com/ab-middle-east-190414"",""UAE0073"""
"2026-03-05,""AB Tanks Contracting"",""AB Tanks Contracting"",""Abu Dhabi"","" 00"",""WhatsApp"",""NEW"",""Review and send compliant outreach"",""2026-03-05"",""YellowPages UAE profile | mobile | https://www.yellowpages-uae.com/ab-tanks-contracting-181378"",""UAE0075"""
"2026-03-05,""Abbas Hussain Mohd Clinic, Dr"",""Abbas Hussain Mohd Clinic, Dr"",""Abu Dhabi"","" 00"",""WhatsApp"",""NEW"",""Review and send compliant outreach"",""2026-03-05"",""YellowPages UAE profile | mobile | https://www.yellowpages-uae.com/abbas-hussain-mohd-clinic-dr-111542"",""UAE0084"""
"2026-03-05,""Abbas Mohammed Hussain Hardware &amp"
"2026-03-05,""Abc Balloons"",""Abc Balloons"",""Abu Dhabi"","" 00"",""WhatsApp"",""NEW"",""Review and send compliant outreach"",""2026-03-05"",""YellowPages UAE profile | mobile | https://www.yellowpages-uae.com/abc-balloons-182267"",""UAE0088"""
"2026-03-05,""ABC Computer Gallery"",""ABC Computer Gallery"",""Abu Dhabi"","" 00"",""WhatsApp"",""NEW"",""Review and send compliant outreach"",""2026-03-05"",""YellowPages UAE profile | mobile | https://www.yellowpages-uae.com/abc-computer-gallery-153368"",""UAE0090"""
"2026-03-05,""ABC Doors and Shutters LLC"",""ABC Doors and Shutters LLC"",""Abu Dhabi"","" 00"",""WhatsApp"",""NEW"",""Review and send compliant outreach"",""2026-03-05"",""YellowPages UAE profile | mobile | https://www.yellowpages-uae.com/abc-doors-and-shutters-llc-190778"",""UAE0091"""
"2026-03-05,""Abdul Haque Turning Workshop"",""Abdul Haque Turning Workshop"",""Abu Dhabi"","" 00"",""WhatsApp"",""NEW"",""Review and send compliant outreach"",""2026-03-05"",""YellowPages UAE profile | mobile | https://www.yellowpages-uae.com/abdul-haque-turning-workshop-141844"",""UAE0101"""
"2026-03-05,""Abdul Jabar General Contracting"",""Abdul Jabar General Contracting"",""Abu Dhabi"","" 00"",""WhatsApp"",""NEW"",""Review and send compliant outreach"",""2026-03-05"",""YellowPages UAE profile | mobile | https://www.yellowpages-uae.com/abdul-jabar-general-contracting-175374"",""UAE0102"""
"2026-03-05,""Abdul Rahim Trading Establishment"",""Abdul Rahim Trading Establishment"",""Abu Dhabi"","" 00"",""WhatsApp"",""NEW"",""Review and send compliant outreach"",""2026-03-05"",""YellowPages UAE profile | mobile | https://www.yellowpages-uae.com/abdul-rahim-trading-establishment-123166"",""UAE0114"""
"2026-03-05,""Abdul Rehman Ghulam Building Equipment Rentals LLC"",""Abdul Rehman Ghulam Building Equipment Rentals LLC"",""Abu Dhabi"","" 00"",""WhatsApp"",""NEW"",""Review and send compliant outreach"",""2026-03-05"",""YellowPages UAE profile | mobile | https://www.yellowpages-uae.com/abdul-rehman-ghulam-building-equipment-rentals-llc-191668"",""UAE0119"""
"2026-03-05,""24/7 Battery"",""24/7 Battery"",""Ajman"","" 00"",""WhatsApp"",""NEW"",""Review and send compliant outreach"",""2026-03-05"",""YellowPages UAE profile | mobile | https://www.yellowpages-uae.com/24-7-battery-171224"",""UAE0124"""
"2026-03-05,""24/7 Battery"",""24/7 Battery"",""Ajman"","" 00"",""WhatsApp"",""NEW"",""Review and send compliant outreach"",""2026-03-05"",""YellowPages UAE profile | mobile | https://www.yellowpages-uae.com/24-7-battery-171224"",""UAE0125"""
"2026-03-05,""247 Steel Company"",""247 Steel Company"",""Ajman"","" 00"",""WhatsApp"",""NEW"",""Review and send compliant outreach"",""2026-03-05"",""YellowPages UAE profile | mobile | https://www.yellowpages-uae.com/247-steel-company-185744"",""UAE0126"""
"2026-03-05,""4 Star Garments Workshop"",""4 Star Garments Workshop"",""Ajman"","" 00"",""WhatsApp"",""NEW"",""Review and send compliant outreach"",""2026-03-05"",""YellowPages UAE profile | mobile | https://www.yellowpages-uae.com/4-star-garments-workshop-157484"",""UAE0128"""
"2026-03-05,""4 Star Garments Workshop"",""4 Star Garments Workshop"",""Ajman"","" 00"",""WhatsApp"",""NEW"",""Review and send compliant outreach"",""2026-03-05"",""YellowPages UAE profile | mobile | https://www.yellowpages-uae.com/4-star-garments-workshop-157484"",""UAE0129"""
"2026-03-05,""A M Beauty Life"",""A M Beauty Life"",""Ajman"","" 00"",""WhatsApp"",""NEW"",""Review and send compliant outreach"",""2026-03-05"",""YellowPages UAE profile | mobile | https://www.yellowpages-uae.com/a-m-beauty-life-169995"",""UAE0135"""
"2026-03-05,""A V M Readymade Garments Trading"",""A V M Readymade Garments Trading"",""Ajman"","" 00"",""WhatsApp"",""NEW"",""Review and send compliant outreach"",""2026-03-05"",""YellowPages UAE profile | mobile | https://www.yellowpages-uae.com/a-v-m-readymade-garments-trading-143881"",""UAE0142"""
"2026-03-05,""AA Car Washing and Accessories"",""AA Car Washing and Accessories"",""Ajman"","" 00"",""WhatsApp"",""NEW"",""Review and send compliant outreach"",""2026-03-05"",""YellowPages UAE profile | mobile | https://www.yellowpages-uae.com/aa-car-washing-and-accessories-190643"",""UAE0144"""
"2026-03-05,""Aaban Building Cleaning And Pest Control Service"",""Aaban Building Cleaning And Pest Control Service"",""Ajman"","" 00"",""WhatsApp"",""NEW"",""Review and send compliant outreach"",""2026-03-05"",""YellowPages UAE profile | mobile | https://www.yellowpages-uae.com/aaban-building-cleaning-and-pest-control-service-182576"",""UAE0146"""
"2026-03-05,""Aahad Car Recovery Services"",""Aahad Car Recovery Services"",""Ajman"","" 00"",""WhatsApp"",""NEW"",""Review and send compliant outreach"",""2026-03-05"",""YellowPages UAE profile | mobile | https://www.yellowpages-uae.com/aahad-car-recovery-services-176597"",""UAE0147"""
"2026-03-05,""Aamir Car Recovery"",""Aamir Car Recovery"",""Ajman"","" 00"",""WhatsApp"",""NEW"",""Review and send compliant outreach"",""2026-03-05"",""YellowPages UAE profile | mobile | https://www.yellowpages-uae.com/aamir-car-recovery-178483"",""UAE0149"""
"2026-03-05,""Aamraa Building Materials Trading LLC"",""Aamraa Building Materials Trading LLC"",""Ajman"","" 00"",""WhatsApp"",""NEW"",""Review and send compliant outreach"",""2026-03-05"",""YellowPages UAE profile | mobile | https://www.yellowpages-uae.com/aamraa-building-materials-trading-llc-188927"",""UAE0150"""
"2026-03-05,""Aaron International FZE"",""Aaron International FZE"",""Ajman"","" 00"",""WhatsApp"",""NEW"",""Review and send compliant outreach"",""2026-03-05"",""YellowPages UAE profile | mobile | https://www.yellowpages-uae.com/aaron-international-fze-168923"",""UAE0152"""
"2026-03-05,""AASH Rubber Industries LLC"",""AASH Rubber Industries LLC"",""Ajman"","" 00"",""WhatsApp"",""NEW"",""Review and send compliant outreach"",""2026-03-05"",""YellowPages UAE profile | mobile | https://www.yellowpages-uae.com/aash-rubber-industries-llc-192975"",""UAE0156"""
"2026-03-05,""Aatif Ali Building Materials Trading LLC"",""Aatif Ali Building Materials Trading LLC"",""Ajman"","" 00"",""WhatsApp"",""NEW"",""Review and send compliant outreach"",""2026-03-05"",""YellowPages UAE profile | mobile | https://www.yellowpages-uae.com/aatif-ali-building-materials-trading-llc-195263"",""UAE0158"""
"2026-03-05,""Aatish General Trading FZE"",""Aatish General Trading FZE"",""Ajman"","" 00"",""WhatsApp"",""NEW"",""Review and send compliant outreach"",""2026-03-05"",""YellowPages UAE profile | mobile | https://www.yellowpages-uae.com/aatish-general-trading-fze-176080"",""UAE0160"""
"2026-03-05,""Abdul Aziz Medical Center"",""Abdul Aziz Medical Center"",""Ajman"","" 00"",""WhatsApp"",""NEW"",""Review and send compliant outreach"",""2026-03-05"",""YellowPages UAE profile | mobile | https://www.yellowpages-uae.com/abdul-aziz-medical-center-177111"",""UAE0166"""
"2026-03-05,""Abdul Gafoor Carpentry"",""Abdul Gafoor Carpentry"",""Ajman"","" 00"",""WhatsApp"",""NEW"",""Review and send compliant outreach"",""2026-03-05"",""YellowPages UAE profile | mobile | https://www.yellowpages-uae.com/abdul-gafoor-carpentry-180574"",""UAE0169"""
"2026-03-05,""Abdul Gafoor Carpentry"",""Abdul Gafoor Carpentry"",""Ajman"","" 00"",""WhatsApp"",""NEW"",""Review and send compliant outreach"",""2026-03-05"",""YellowPages UAE profile | mobile | https://www.yellowpages-uae.com/abdul-gafoor-carpentry-180574"",""UAE0170"""
"2026-03-05,""Abdul Hadi Steel &amp"
"2026-03-05,""Abdul Jalil Steel Workshop"",""Abdul Jalil Steel Workshop"",""Ajman"","" 00"",""WhatsApp"",""NEW"",""Review and send compliant outreach"",""2026-03-05"",""YellowPages UAE profile | mobile | https://www.yellowpages-uae.com/abdul-jalil-steel-workshop-146123"",""UAE0173"""
"2026-03-05,""1 Dirham Home Insulation"",""1 Dirham Home Insulation"",""Dubai"","" 00"",""WhatsApp"",""NEW"",""Review and send compliant outreach"",""2026-03-05"",""YellowPages UAE profile | mobile | https://www.yellowpages-uae.com/1-dirham-home-insulation-183247"",""UAE0194"""
"2026-03-05,""101 Parathas"",""101 Parathas"",""Dubai"","" 00"",""WhatsApp"",""NEW"",""Review and send compliant outreach"",""2026-03-05"",""YellowPages UAE profile | mobile | https://www.yellowpages-uae.com/101-parathas-174758"",""UAE0203"""
"2026-03-05,""101 Parathas"",""101 Parathas"",""Dubai"","" 00"",""WhatsApp"",""NEW"",""Review and send compliant outreach"",""2026-03-05"",""YellowPages UAE profile | mobile | https://www.yellowpages-uae.com/101-parathas-184891"",""UAE0204"""
"2026-03-05,""10X Curtains"",""10X Curtains"",""Dubai"","" 00"",""WhatsApp"",""NEW"",""Review and send compliant outreach"",""2026-03-05"",""YellowPages UAE profile | mobile | https://www.yellowpages-uae.com/10x-curtains-195393"",""UAE0205"""
"2026-03-05,""11 11 Events"",""11 11 Events"",""Dubai"","" 00"",""WhatsApp"",""NEW"",""Review and send compliant outreach"",""2026-03-05"",""YellowPages UAE profile | mobile | https://www.yellowpages-uae.com/11-11-events-190882"",""UAE0207"""
"2026-03-05,""18 BRICKS"",""18 BRICKS"",""Dubai"","" 00"",""WhatsApp"",""NEW"",""Review and send compliant outreach"",""2026-03-05"",""YellowPages UAE profile | mobile | https://www.yellowpages-uae.com/18-bricks-183944"",""UAE0214"""
"2026-03-05,""180 Technologies LLC"",""180 Technologies LLC"",""Dubai"","" 00"",""WhatsApp"",""NEW"",""Review and send compliant outreach"",""2026-03-05"",""YellowPages UAE profile | mobile | https://www.yellowpages-uae.com/180-technologies-llc-170096"",""UAE0217"""
"2026-03-05,""2 Way Tourism"",""2 Way Tourism"",""Dubai"","" 00"",""WhatsApp"",""NEW"",""Review and send compliant outreach"",""2026-03-05"",""YellowPages UAE profile | mobile | https://www.yellowpages-uae.com/2-way-tourism-162831"",""UAE0218"""
"2026-03-05,""2003 Aluminium Works and Carpentry LLC"",""2003 Aluminium Works and Carpentry LLC"",""Dubai"","" 00"",""WhatsApp"",""NEW"",""Review and send compliant outreach"",""2026-03-05"",""YellowPages UAE profile | mobile | https://www.yellowpages-uae.com/2003-aluminium-works-and-carpentry-llc-132622"",""UAE0220"""
"2026-03-05,""2003 Aluminium Works and Carpentry LLC"",""2003 Aluminium Works and Carpentry LLC"",""Dubai"","" 00"",""WhatsApp"",""NEW"",""Review and send compliant outreach"",""2026-03-05"",""YellowPages UAE profile | mobile | https://www.yellowpages-uae.com/2003-aluminium-works-and-carpentry-llc-132622"",""UAE0221"""
"2026-03-05,""21 Century Passengers Transport LLC"",""21 Century Passengers Transport LLC"",""Dubai"","" 00"",""WhatsApp"",""NEW"",""Review and send compliant outreach"",""2026-03-05"",""YellowPages UAE profile | mobile | https://www.yellowpages-uae.com/21-century-passengers-transport-llc-179061"",""UAE0223"""
"2026-03-05,""22 Movers"",""22 Movers"",""Dubai"","" 00"",""WhatsApp"",""NEW"",""Review and send compliant outreach"",""2026-03-05"",""YellowPages UAE profile | mobile | https://www.yellowpages-uae.com/22-movers-172984"",""UAE0226"""
"2026-03-05,""24 Hour Batteries Services"",""24 Hour Batteries Services"",""Dubai"","" 00"",""WhatsApp"",""NEW"",""Review and send compliant outreach"",""2026-03-05"",""YellowPages UAE profile | mobile | https://www.yellowpages-uae.com/24-hour-batteries-services-192163"",""UAE0229"""
"2026-03-05,""24Seven Home Care LLC"",""24Seven Home Care LLC"",""Dubai"","" 00"",""WhatsApp"",""NEW"",""Review and send compliant outreach"",""2026-03-05"",""YellowPages UAE profile | mobile | https://www.yellowpages-uae.com/24seven-home-care-llc-188442"",""UAE0235"""
"2026-03-05,""3 Fils"",""3 Fils"",""Dubai"","" 00"",""WhatsApp"",""NEW"",""Review and send compliant outreach"",""2026-03-05"",""YellowPages UAE profile | mobile | https://www.yellowpages-uae.com/3-fils-174471"",""UAE0240"""
"2026-03-05,""360 Business Solutions"",""360 Business Solutions"",""Dubai"","" 00"",""WhatsApp"",""NEW"",""Review and send compliant outreach"",""2026-03-05"",""YellowPages UAE profile | mobile | https://www.yellowpages-uae.com/360-business-solutions-180015"",""UAE0248"""
"2026-03-05,""360 Business Solutions"",""360 Business Solutions"",""Dubai"","" 00"",""WhatsApp"",""NEW"",""Review and send compliant outreach"",""2026-03-05"",""YellowPages UAE profile | mobile | https://www.yellowpages-uae.com/360-business-solutions-180015"",""UAE0249"""
"2026-03-05,""360 INC"",""360 INC"",""Dubai"","" 00"",""WhatsApp"",""NEW"",""Review and send compliant outreach"",""2026-03-05"",""YellowPages UAE profile | mobile | https://www.yellowpages-uae.com/360-inc-173494"",""UAE0252"""
"2026-03-05,""360 Wellness"",""360 Wellness"",""Dubai"","" 00"",""WhatsApp"",""NEW"",""Review and send compliant outreach"",""2026-03-05"",""YellowPages UAE profile | mobile | https://www.yellowpages-uae.com/360-wellness-141786"",""UAE0254"""
"2026-03-05,""369 Pest Control and Disinfection Services LLC"",""369 Pest Control and Disinfection Services LLC"",""Dubai"","" 00"",""WhatsApp"",""NEW"",""Review and send compliant outreach"",""2026-03-05"",""YellowPages UAE profile | mobile | https://www.yellowpages-uae.com/369-pest-control-and-disinfection-services-194402"",""UAE0261"""
"2026-03-05,""3D Constraction LLC"",""3D Constraction LLC"",""Dubai"","" 00"",""WhatsApp"",""NEW"",""Review and send compliant outreach"",""2026-03-05"",""YellowPages UAE profile | mobile | https://www.yellowpages-uae.com/3d-constraction-llc-176808"",""UAE0263"""
"2026-03-05,""3D Manzil"",""3D Manzil"",""Dubai"","" 00"",""WhatsApp"",""NEW"",""Review and send compliant outreach"",""2026-03-05"",""YellowPages UAE profile | mobile | https://www.yellowpages-uae.com/3d-manzil-181810"",""UAE0264"""
"2026-03-05,""3Dimension Contracting And Decor"",""3Dimension Contracting And Decor"",""Dubai"","" 00"",""WhatsApp"",""NEW"",""Review and send compliant outreach"",""2026-03-05"",""YellowPages UAE profile | mobile | https://www.yellowpages-uae.com/3dimension-contracting-and-decor-183246"",""UAE0267"""
"2026-03-05,""3Fold Training"",""3Fold Training"",""Dubai"","" 00"",""WhatsApp"",""NEW"",""Review and send compliant outreach"",""2026-03-05"",""YellowPages UAE profile | mobile | https://www.yellowpages-uae.com/3fold-training-160263"",""UAE0269"""
"2026-03-05,""3Gmet Technology Information"",""3Gmet Technology Information"",""Dubai"","" 00"",""WhatsApp"",""NEW"",""Review and send compliant outreach"",""2026-03-05"",""YellowPages UAE profile | mobile | https://www.yellowpages-uae.com/3gmet-technology-information-158431"",""UAE0272"""
"2026-03-05,""3M Stamps And Printing Services"",""3M Stamps And Printing Services"",""Dubai"","" 00"",""WhatsApp"",""NEW"",""Review and send compliant outreach"",""2026-03-05"",""YellowPages UAE profile | mobile | https://www.yellowpages-uae.com/3m-stamps-and-printing-services-170098"",""UAE0275"""
"2026-03-05,""3NPower"",""3NPower"",""Dubai"","" 00"",""WhatsApp"",""NEW"",""Review and send compliant outreach"",""2026-03-05"",""YellowPages UAE profile | mobile | https://www.yellowpages-uae.com/3npower-169768"",""UAE0276"""
"2026-03-05,""3SCube Engineering Consultants"",""3SCube Engineering Consultants"",""Dubai"","" 00"",""WhatsApp"",""NEW"",""Review and send compliant outreach"",""2026-03-05"",""YellowPages UAE profile | mobile | https://www.yellowpages-uae.com/3scube-engineering-consultants-190880"",""UAE0281"""
"2026-03-05,""4 M Building Materials Trading LLC"",""4 M Building Materials Trading LLC"",""Dubai"","" 00"",""WhatsApp"",""NEW"",""Review and send compliant outreach"",""2026-03-05"",""YellowPages UAE profile | mobile | https://www.yellowpages-uae.com/4-m-building-materials-trading-llc-162438"",""UAE0288"""
"2026-03-05,""4 Walls Technical Services Contracting LLC"",""4 Walls Technical Services Contracting LLC"",""Dubai"","" 00"",""WhatsApp"",""NEW"",""Review and send compliant outreach"",""2026-03-05"",""YellowPages UAE profile | mobile | https://www.yellowpages-uae.com/4-walls-technical-services-contracting-llc-181003"",""UAE0295"""
"2026-03-05,""4S Study Abroad Education Services"",""4S Study Abroad Education Services"",""Dubai"","" 00"",""WhatsApp"",""NEW"",""Review and send compliant outreach"",""2026-03-05"",""YellowPages UAE profile | mobile | https://www.yellowpages-uae.com/4s-study-abroad-education-services-158756"",""UAE0301"""
"2026-03-05,""55 Car Care"",""55 Car Care"",""Dubai"","" 00"",""WhatsApp"",""NEW"",""Review and send compliant outreach"",""2026-03-05"",""YellowPages UAE profile | mobile | https://www.yellowpages-uae.com/55-car-care-190579"",""UAE0303"""
"2026-03-05,""5N Business Consultants"",""5N Business Consultants"",""Dubai"","" 00"",""WhatsApp"",""NEW"",""Review and send compliant outreach"",""2026-03-05"",""YellowPages UAE profile | mobile | https://www.yellowpages-uae.com/5n-business-consultants-188206"",""UAE0304"""
"2026-03-05,""6 Sigma Financial Consultancy LLC"",""6 Sigma Financial Consultancy LLC"",""Dubai"","" 00"",""WhatsApp"",""NEW"",""Review and send compliant outreach"",""2026-03-05"",""YellowPages UAE profile | mobile | https://www.yellowpages-uae.com/6-sigma-financial-consultancy-llc-149641"",""UAE0306"""
"2026-03-05,""60 Minutes Laundry LLC"",""60 Minutes Laundry LLC"",""Dubai"","" 00"",""WhatsApp"",""NEW"",""Review and send compliant outreach"",""2026-03-05"",""YellowPages UAE profile | mobile | https://www.yellowpages-uae.com/60-minutes-laundry-llc-188547"",""UAE0307"""
"2026-03-05,""60 Minutes Laundry LLC"",""60 Minutes Laundry LLC"",""Dubai"","" 00"",""WhatsApp"",""NEW"",""Review and send compliant outreach"",""2026-03-05"",""YellowPages UAE profile | mobile | https://www.yellowpages-uae.com/60-minutes-laundry-llc-188547"",""UAE0308"""
"2026-03-05,""7 Media MFZ LLC"",""7 Media MFZ LLC"",""Dubai"","" 00"",""WhatsApp"",""NEW"",""Review and send compliant outreach"",""2026-03-05"",""YellowPages UAE profile | mobile | https://www.yellowpages-uae.com/7-media-mfz-llc-162983"",""UAE0311"""
"2026-03-05,""7 Ocean General Trading LLC"",""7 Ocean General Trading LLC"",""Dubai"","" 00"",""WhatsApp"",""NEW"",""Review and send compliant outreach"",""2026-03-05"",""YellowPages UAE profile | mobile | https://www.yellowpages-uae.com/7-ocean-general-trading-llc-169689"",""UAE0313"""
"2026-03-05,""7 Routes Decoration Design and Fit Out"",""7 Routes Decoration Design and Fit Out"",""Dubai"","" 00"",""WhatsApp"",""NEW"",""Review and send compliant outreach"",""2026-03-05"",""YellowPages UAE profile | mobile | https://www.yellowpages-uae.com/7-routes-decoration-design-and-fit-out-185725"",""UAE0314"""
"2026-03-05,""7 Seas General Trading LLC"",""7 Seas General Trading LLC"",""Dubai"","" 00"",""WhatsApp"",""NEW"",""Review and send compliant outreach"",""2026-03-05"",""YellowPages UAE profile | mobile | https://www.yellowpages-uae.com/7-seas-general-trading-llc-183945"",""UAE0315"""
"2026-03-05,""7 Seven Luxury Car Rental"",""7 Seven Luxury Car Rental"",""Dubai"","" 00"",""WhatsApp"",""NEW"",""Review and send compliant outreach"",""2026-03-05"",""YellowPages UAE profile | mobile | https://www.yellowpages-uae.com/7-seven-luxury-car-rental-183596"",""UAE0316"""
"2026-03-05,""777 Cars Trading LLC"",""777 Cars Trading LLC"",""Dubai"","" 00"",""WhatsApp"",""NEW"",""Review and send compliant outreach"",""2026-03-05"",""YellowPages UAE profile | mobile | https://www.yellowpages-uae.com/777-cars-trading-llc-181914"",""UAE0323"""
"2026-03-05,""800 BBATTERY"",""800 BBATTERY"",""Dubai"","" 00"",""WhatsApp"",""NEW"",""Review and send compliant outreach"",""2026-03-05"",""YellowPages UAE profile | mobile | https://www.yellowpages-uae.com/800-bbattery-194580"",""UAE0329"""
"2026-03-05,""800 Carguru"",""800 Carguru"",""Dubai"","" 00"",""WhatsApp"",""NEW"",""Review and send compliant outreach"",""2026-03-05"",""YellowPages UAE profile | mobile | https://www.yellowpages-uae.com/800-carguru-187270"",""UAE0330"""
"2026-03-05,""800 Leather Solutions"",""800 Leather Solutions"",""Dubai"","" 00"",""WhatsApp"",""NEW"",""Review and send compliant outreach"",""2026-03-05"",""YellowPages UAE profile | mobile | https://www.yellowpages-uae.com/800-leather-solutions-195417"",""UAE0332"""
"2026-03-05,""800 Movers"",""800 Movers"",""Dubai"","" 00"",""WhatsApp"",""NEW"",""Review and send compliant outreach"",""2026-03-05"",""YellowPages UAE profile | mobile | https://www.yellowpages-uae.com/800-movers-188990"",""UAE0334"""
"2026-03-05,""800 Pergola"",""800 Pergola"",""Dubai"","" 00"",""WhatsApp"",""NEW"",""Review and send compliant outreach"",""2026-03-05"",""YellowPages UAE profile | mobile | https://www.yellowpages-uae.com/800-pergola-191660"",""UAE0336"""
"2026-03-05,""800 Truck"",""800 Truck"",""Dubai"","" 00"",""WhatsApp"",""NEW"",""Review and send compliant outreach"",""2026-03-05"",""YellowPages UAE profile | mobile | https://www.yellowpages-uae.com/800-truck-184760"",""UAE0341"""
"2026-03-05,""800website"",""800website"",""Dubai"","" 00"",""WhatsApp"",""NEW"",""Review and send compliant outreach"",""2026-03-05"",""YellowPages UAE profile | mobile | https://www.yellowpages-uae.com/800website-190338"",""UAE0342"""
"2026-03-05,""9T Studio LLC FC"",""9T Studio LLC FC"",""Dubai"","" 00"",""WhatsApp"",""NEW"",""Review and send compliant outreach"",""2026-03-05"",""YellowPages UAE profile | mobile | https://www.yellowpages-uae.com/9t-studio-llc-fc-188389"",""UAE0350"""
"2026-03-05,""A &amp"
"2026-03-05,""A &amp"
"2026-03-05,""A A A Service Centre"",""A A A Service Centre"",""Dubai"","" 00"",""WhatsApp"",""NEW"",""Review and send compliant outreach"",""2026-03-05"",""YellowPages UAE profile | mobile | https://www.yellowpages-uae.com/a-a-a-service-centre-116184"",""UAE0367"""
"2026-03-05,""A A H E Furniture Trading"",""A A H E Furniture Trading"",""Dubai"","" 00"",""WhatsApp"",""NEW"",""Review and send compliant outreach"",""2026-03-05"",""YellowPages UAE profile | mobile | https://www.yellowpages-uae.com/a-a-h-e-furniture-trading-189145"",""UAE0370"""
"2026-03-05,""A And B Advertising"",""A And B Advertising"",""Dubai"","" 00"",""WhatsApp"",""NEW"",""Review and send compliant outreach"",""2026-03-05"",""YellowPages UAE profile | mobile | https://www.yellowpages-uae.com/a-and-b-advertising-153874"",""UAE0374"""
"2026-03-05,""A and Z Technologies LLC"",""A and Z Technologies LLC"",""Dubai"","" 00"",""WhatsApp"",""NEW"",""Review and send compliant outreach"",""2026-03-05"",""YellowPages UAE profile | mobile | https://www.yellowpages-uae.com/a-and-z-technologies-llc-177872"",""UAE0379"""
"2026-03-05,""A Aras Medical Devices and Equipment CO LLC"",""A Aras Medical Devices and Equipment CO LLC"",""Dubai"","" 00"",""WhatsApp"",""NEW"",""Review and send compliant outreach"",""2026-03-05"",""YellowPages UAE profile | mobile | https://www.yellowpages-uae.com/a-aras-medical-devices-and-equipment-co-llc-180162"",""UAE0381"""
"2026-03-05,""A B D Interiors LLC"",""A B D Interiors LLC"",""Dubai"","" 00"",""WhatsApp"",""NEW"",""Review and send compliant outreach"",""2026-03-05"",""YellowPages UAE profile | mobile | https://www.yellowpages-uae.com/a-b-d-interiors-llc-153405"",""UAE0388"""
"2026-03-05,""A B Garage"",""A B Garage"",""Dubai"","" 00"",""WhatsApp"",""NEW"",""Review and send compliant outreach"",""2026-03-05"",""YellowPages UAE profile | mobile | https://www.yellowpages-uae.com/a-b-garage-170100"",""UAE0391"""
"2026-03-05,""A B Print House Llc"",""A B Print House Llc"",""Dubai"","" 00"",""WhatsApp"",""NEW"",""Review and send compliant outreach"",""2026-03-05"",""YellowPages UAE profile | mobile | https://www.yellowpages-uae.com/a-b-print-house-llc-183315"",""UAE0395"""
"2026-03-05,""A C Milan Sports Equipment"",""A C Milan Sports Equipment"",""Dubai"","" 00"",""WhatsApp"",""NEW"",""Review and send compliant outreach"",""2026-03-05"",""YellowPages UAE profile | mobile | https://www.yellowpages-uae.com/a-c-milan-sports-equipment-120848"",""UAE0403"""
"2026-03-05,""A Class Chauffeur"",""A Class Chauffeur"",""Dubai"","" 00"",""WhatsApp"",""NEW"",""Review and send compliant outreach"",""2026-03-05"",""YellowPages UAE profile | mobile | https://www.yellowpages-uae.com/a-class-chauffeur-172457"",""UAE0407"""
"2026-03-05,""A E C Trading LLC"",""A E C Trading LLC"",""Dubai"","" 00"",""WhatsApp"",""NEW"",""Review and send compliant outreach"",""2026-03-05"",""YellowPages UAE profile | mobile | https://www.yellowpages-uae.com/a-e-c-trading-llc-132519"",""UAE0410"""
"2026-03-05,""A F Husain LLC"",""A F Husain LLC"",""Dubai"","" 00"",""WhatsApp"",""NEW"",""Review and send compliant outreach"",""2026-03-05"",""YellowPages UAE profile | mobile | https://www.yellowpages-uae.com/a-f-husain-llc-153008"",""UAE0415"""
"2026-03-05,""A G C General Trading LLC"",""A G C General Trading LLC"",""Dubai"","" 00"",""WhatsApp"",""NEW"",""Review and send compliant outreach"",""2026-03-05"",""YellowPages UAE profile | mobile | https://www.yellowpages-uae.com/a-g-c-general-trading-llc-131585"",""UAE0419"""
"2026-03-05,""A H S Trading"",""A H S Trading"",""Dubai"","" 00"",""WhatsApp"",""NEW"",""Review and send compliant outreach"",""2026-03-05"",""YellowPages UAE profile | mobile | https://www.yellowpages-uae.com/a-h-s-trading-122618"",""UAE0424"""
"2026-03-05,""A H Technical Services LLC"",""A H Technical Services LLC"",""Dubai"","" 00"",""WhatsApp"",""NEW"",""Review and send compliant outreach"",""2026-03-05"",""YellowPages UAE profile | mobile | https://www.yellowpages-uae.com/a-h-technical-services-llc-179098"",""UAE0425"""
"2026-03-05,""A I G Shipping LLC"",""A I G Shipping LLC"",""Dubai"","" 00"",""WhatsApp"",""NEW"",""Review and send compliant outreach"",""2026-03-05"",""YellowPages UAE profile | mobile | https://www.yellowpages-uae.com/a-i-g-shipping-llc-179553"",""UAE0427"""
"2026-03-05,""A M Dhamma Perfumes Industry LLC"",""A M Dhamma Perfumes Industry LLC"",""Dubai"","" 00"",""WhatsApp"",""NEW"",""Review and send compliant outreach"",""2026-03-05"",""YellowPages UAE profile | mobile | https://www.yellowpages-uae.com/a-m-dhamma-perfumes-industry-llc-180181"",""UAE0439"""
"2026-03-05,""A M Electronics Trading"",""A M Electronics Trading"",""Dubai"","" 00"",""WhatsApp"",""NEW"",""Review and send compliant outreach"",""2026-03-05"",""YellowPages UAE profile | mobile | https://www.yellowpages-uae.com/a-m-electronics-trading-146659"",""UAE0441"""
"2026-03-05,""A M S Tools Equipment Trading LLC"",""A M S Tools Equipment Trading LLC"",""Dubai"","" 00"",""WhatsApp"",""NEW"",""Review and send compliant outreach"",""2026-03-05"",""YellowPages UAE profile | mobile | https://www.yellowpages-uae.com/a-m-s-tools-equipment-trading-llc-162525"",""UAE0450"""
"2026-03-05,""A M Trdg Co LLC"",""A M Trdg Co LLC"",""Dubai"","" 00"",""WhatsApp"",""NEW"",""Review and send compliant outreach"",""2026-03-05"",""YellowPages UAE profile | mobile | https://www.yellowpages-uae.com/a-m-trdg-co-llc-161347"",""UAE0454"""
"2026-03-05,""A One Interiors LLC"",""A One Interiors LLC"",""Dubai"","" 00"",""WhatsApp"",""NEW"",""Review and send compliant outreach"",""2026-03-05"",""YellowPages UAE profile | mobile | https://www.yellowpages-uae.com/a-one-interiors-llc-193991"",""UAE0461"""
"2026-03-05,""A One Tools Trading LLC"",""A One Tools Trading LLC"",""Dubai"","" 00"",""WhatsApp"",""NEW"",""Review and send compliant outreach"",""2026-03-05"",""YellowPages UAE profile | mobile | https://www.yellowpages-uae.com/a-one-tools-trading-llc-163931"",""UAE0464"""
"2026-03-05,""A One Tools Trading LLC"",""A One Tools Trading LLC"",""Dubai"","" 00"",""WhatsApp"",""NEW"",""Review and send compliant outreach"",""2026-03-05"",""YellowPages UAE profile | mobile | https://www.yellowpages-uae.com/a-one-tools-trading-llc-163931"",""UAE0465"""
"2026-03-05,""A One Web Design and Digital Marketing Agency"",""A One Web Design and Digital Marketing Agency"",""Dubai"","" 00"",""WhatsApp"",""NEW"",""Review and send compliant outreach"",""2026-03-05"",""YellowPages UAE profile | mobile | https://www.yellowpages-uae.com/a-one-web-design-and-digital-marketing-agency-188850"",""UAE0466"""
"2026-03-05,""A R S B Trading LLC"",""A R S B Trading LLC"",""Dubai"","" 00"",""WhatsApp"",""NEW"",""Review and send compliant outreach"",""2026-03-05"",""YellowPages UAE profile | mobile | https://www.yellowpages-uae.com/a-r-s-b-trading-llc-190545"",""UAE0475"""
"2026-03-05,""A S Documents Clearance"",""A S Documents Clearance"",""Dubai"","" 00"",""WhatsApp"",""NEW"",""Review and send compliant outreach"",""2026-03-05"",""YellowPages UAE profile | mobile | https://www.yellowpages-uae.com/a-s-documents-clearance-195284"",""UAE0481"""
"2026-03-05,""A S I Scaffolding Contracting LLC"",""A S I Scaffolding Contracting LLC"",""Dubai"","" 00"",""WhatsApp"",""NEW"",""Review and send compliant outreach"",""2026-03-05"",""YellowPages UAE profile | mobile | https://www.yellowpages-uae.com/a-s-i-scaffolding-contracting-llc-179794"",""UAE0485"""
"2026-03-05,""A S M S Workshop Hardware &amp"
"2026-03-05,""A S M trading"",""A S M trading"",""Dubai"","" 00"",""WhatsApp"",""NEW"",""Review and send compliant outreach"",""2026-03-05"",""YellowPages UAE profile | mobile | https://www.yellowpages-uae.com/a-s-m-trading-182760"",""UAE0489"""
"2026-03-05,""A S N International Electronics Rental LLC"",""A S N International Electronics Rental LLC"",""Dubai"","" 00"",""WhatsApp"",""NEW"",""Review and send compliant outreach"",""2026-03-05"",""YellowPages UAE profile | mobile | https://www.yellowpages-uae.com/a-s-n-international-electronics-rental-llc-163287"",""UAE0492"""
"2026-03-05,""A S V Building and Construction Materials Trading LLC"",""A S V Building and Construction Materials Trading LLC"",""Dubai"","" 00"",""WhatsApp"",""NEW"",""Review and send compliant outreach"",""2026-03-05"",""YellowPages UAE profile | mobile | https://www.yellowpages-uae.com/a-s-v-building-and-construction-materials-trading-llc-185662"",""UAE0496"""
"2026-03-05,""A to Z Mobile Phone Repair"",""A to Z Mobile Phone Repair"",""Dubai"","" 00"",""WhatsApp"",""NEW"",""Review and send compliant outreach"",""2026-03-05"",""YellowPages UAE profile | mobile | https://www.yellowpages-uae.com/a-to-z-mobile-phone-repair-185902"",""UAE0506"""
"2026-03-05,""A To Z Passengers Transport By Rented Buses LLC"",""A To Z Passengers Transport By Rented Buses LLC"",""Dubai"","" 00"",""WhatsApp"",""NEW"",""Review and send compliant outreach"",""2026-03-05"",""YellowPages UAE profile | mobile | https://www.yellowpages-uae.com/a-to-z-passengers-transport-by-rented-buses-llc-162028"",""UAE0507"""
"2026-03-05,""A to Z Waste Recycling and Trading LLC"",""A to Z Waste Recycling and Trading LLC"",""Dubai"","" 00"",""WhatsApp"",""NEW"",""Review and send compliant outreach"",""2026-03-05"",""YellowPages UAE profile | mobile | https://www.yellowpages-uae.com/a-to-z-waste-recycling-and-trading-llc-192639"",""UAE0509"""
"2026-03-05,""A&amp"
"2026-03-05,""A.A. Juma Plastic Pipes &amp"
"2026-03-05,""A.L.B.A International General Trading LLC"",""A.L.B.A International General Trading LLC"",""Dubai"","" 00"",""WhatsApp"",""NEW"",""Review and send compliant outreach"",""2026-03-05"",""YellowPages UAE profile | mobile | https://www.yellowpages-uae.com/a-l-b-a-international-general-trading-llc-159268"",""UAE0525"""
"2026-03-05,""A1 Fire Fighting"",""A1 Fire Fighting"",""Dubai"","" 00"",""WhatsApp"",""NEW"",""Review and send compliant outreach"",""2026-03-05"",""YellowPages UAE profile | mobile | https://www.yellowpages-uae.com/a1-fire-fighting-176686"",""UAE0530"""
"2026-03-05,""A1 Star Building &amp"
"2026-03-05,""A2Z Interior"",""A2Z Interior"",""Dubai"","" 00"",""WhatsApp"",""NEW"",""Review and send compliant outreach"",""2026-03-05"",""YellowPages UAE profile | mobile | https://www.yellowpages-uae.com/a2z-interior-159312"",""UAE0535"""
"2026-03-05,""A2Z Professional Business Services"",""A2Z Professional Business Services"",""Dubai"","" 00"",""WhatsApp"",""NEW"",""Review and send compliant outreach"",""2026-03-05"",""YellowPages UAE profile | mobile | https://www.yellowpages-uae.com/a2z-professional-business-services-169517"",""UAE0537"""
"2026-03-05,""AAA &amp"
"2026-03-05,""AAA Concrete Floors LLC"",""AAA Concrete Floors LLC"",""Dubai"","" 00"",""WhatsApp"",""NEW"",""Review and send compliant outreach"",""2026-03-05"",""YellowPages UAE profile | mobile | https://www.yellowpages-uae.com/aaa-concrete-floors-llc-181262"",""UAE0544"""
"2026-03-05,""AAB Auditing of Accounts"",""AAB Auditing of Accounts"",""Dubai"","" 00"",""WhatsApp"",""NEW"",""Review and send compliant outreach"",""2026-03-05"",""YellowPages UAE profile | mobile | https://www.yellowpages-uae.com/aab-auditing-of-accounts-178525"",""UAE0551"""
"2026-03-05,""AAB Industries LLC"",""AAB Industries LLC"",""Dubai"","" 00"",""WhatsApp"",""NEW"",""Review and send compliant outreach"",""2026-03-05"",""YellowPages UAE profile | mobile | https://www.yellowpages-uae.com/aab-industries-llc-177544"",""UAE0553"""
"2026-03-05,""Aaban Building Cleaning And Pest Control Service"",""Aaban Building Cleaning And Pest Control Service"",""Dubai"","" 00"",""WhatsApp"",""NEW"",""Review and send compliant outreach"",""2026-03-05"",""YellowPages UAE profile | mobile | https://www.yellowpages-uae.com/aaban-building-cleaning-and-pest-control-service-180325"",""UAE0555"""
"2026-03-05,""Aaban Building Cleaning And Pest Control Service"",""Aaban Building Cleaning And Pest Control Service"",""Dubai"","" 00"",""WhatsApp"",""NEW"",""Review and send compliant outreach"",""2026-03-05"",""YellowPages UAE profile | mobile | https://www.yellowpages-uae.com/aaban-building-cleaning-and-pest-control-service-180325"",""UAE0556"""
"2026-03-05,""Aac and Concrete Blocks"",""Aac and Concrete Blocks"",""Dubai"","" 00"",""WhatsApp"",""NEW"",""Review and send compliant outreach"",""2026-03-05"",""YellowPages UAE profile | mobile | https://www.yellowpages-uae.com/aac-block-191698"",""UAE0558"""
"2026-03-05,""AAC Arc Architects Engineering Consultancy"",""AAC Arc Architects Engineering Consultancy"",""Dubai"","" 00"",""WhatsApp"",""NEW"",""Review and send compliant outreach"",""2026-03-05"",""YellowPages UAE profile | mobile | https://www.yellowpages-uae.com/aac-arc-architects-engineering-consultancy-178216"",""UAE0560"""
"2026-03-05,""AAC Global"",""AAC Global"",""Dubai"","" 00"",""WhatsApp"",""NEW"",""Review and send compliant outreach"",""2026-03-05"",""YellowPages UAE profile | mobile | https://www.yellowpages-uae.com/aac-global-178530"",""UAE0562"""
"2026-03-05,""AACME Electromechanical Equipment Installation LLC"",""AACME Electromechanical Equipment Installation LLC"",""Dubai"","" 00"",""WhatsApp"",""NEW"",""Review and send compliant outreach"",""2026-03-05"",""YellowPages UAE profile | mobile | https://www.yellowpages-uae.com/aacme-electromechanical-equipment-installation-llc-184658"",""UAE0564"""
"2026-03-05,""Aadarsh Food Stuff Trading Llc"",""Aadarsh Food Stuff Trading Llc"",""Dubai"","" 00"",""WhatsApp"",""NEW"",""Review and send compliant outreach"",""2026-03-05"",""YellowPages UAE profile | mobile | https://www.yellowpages-uae.com/aadarsh-food-stuff-trading-llc-183464"",""UAE0565"""
"2026-03-05,""Aajel Tourism LLC"",""Aajel Tourism LLC"",""Dubai"","" 00"",""WhatsApp"",""NEW"",""Review and send compliant outreach"",""2026-03-05"",""YellowPages UAE profile | mobile | https://www.yellowpages-uae.com/aajel-tourism-llc-159718"",""UAE0570"""
"2026-03-05,""AAli Bus Rental"",""AAli Bus Rental"",""Dubai"","" 00"",""WhatsApp"",""NEW"",""Review and send compliant outreach"",""2026-03-05"",""YellowPages UAE profile | mobile | https://www.yellowpages-uae.com/aali-passengers-transport-buses-rental-llc-169820"",""UAE0575"""
"2026-03-05,""Aalishan Trdg Co LLC"",""Aalishan Trdg Co LLC"",""Dubai"","" 00"",""WhatsApp"",""NEW"",""Review and send compliant outreach"",""2026-03-05"",""YellowPages UAE profile | mobile | https://www.yellowpages-uae.com/aalishan-trdg-co-llc-148658"",""UAE0578"""
"2026-03-05,""Aamir Aziz Fruits And Vegetables Trading LLC"",""Aamir Aziz Fruits And Vegetables Trading LLC"",""Dubai"","" 00"",""WhatsApp"",""NEW"",""Review and send compliant outreach"",""2026-03-05"",""YellowPages UAE profile | mobile | https://www.yellowpages-uae.com/aamir-aziz-fruits-and-vegetables-trading-llc-178963"",""UAE0580"""
"2026-03-05,""Aamir Aziz Fruits And Vegetables Trading LLC"",""Aamir Aziz Fruits And Vegetables Trading LLC"",""Dubai"","" 00"",""WhatsApp"",""NEW"",""Review and send compliant outreach"",""2026-03-05"",""YellowPages UAE profile | mobile | https://www.yellowpages-uae.com/aamir-aziz-fruits-and-vegetables-trading-llc-178963"",""UAE0581"""
"2026-03-05,""Aande Garage Doors"",""Aande Garage Doors"",""Dubai"","" 00"",""WhatsApp"",""NEW"",""Review and send compliant outreach"",""2026-03-05"",""YellowPages UAE profile | mobile | https://www.yellowpages-uae.com/aande-garage-doors-180243"",""UAE0582"""
"2026-03-05,""AAQ Technical Services LLC"",""AAQ Technical Services LLC"",""Dubai"","" 00"",""WhatsApp"",""NEW"",""Review and send compliant outreach"",""2026-03-05"",""YellowPages UAE profile | mobile | https://www.yellowpages-uae.com/aaq-technical-services-llc-144460"",""UAE0589"""
"2026-03-05,""Aariz Computer Trading LLC"",""Aariz Computer Trading LLC"",""Dubai"","" 00"",""WhatsApp"",""NEW"",""Review and send compliant outreach"",""2026-03-05"",""YellowPages UAE profile | mobile | https://www.yellowpages-uae.com/aariz-computer-trading-llc-190558"",""UAE0593"""
"2026-03-05,""Aarmak Auditing &amp"
"2026-03-05,""Aarmax Media"",""Aarmax Media"",""Dubai"","" 00"",""WhatsApp"",""NEW"",""Review and send compliant outreach"",""2026-03-05"",""YellowPages UAE profile | mobile | https://www.yellowpages-uae.com/aarmax-media-192577"",""UAE0597"""
"2026-03-05,""Aarogyashala Advanced Ayurveda Medical Center"",""Aarogyashala Advanced Ayurveda Medical Center"",""Dubai"","" 00"",""WhatsApp"",""NEW"",""Review and send compliant outreach"",""2026-03-05"",""YellowPages UAE profile | mobile | https://www.yellowpages-uae.com/aarogyashala-advanced-ayurveda-medical-center-192930"",""UAE0598"""
"2026-03-05,""AARRC Accounting &amp"
"2026-03-05,""AARRC Accounting &amp"
"2026-03-05,""Aarya Auto Repairs LLC"",""Aarya Auto Repairs LLC"",""Dubai"","" 00"",""WhatsApp"",""NEW"",""Review and send compliant outreach"",""2026-03-05"",""YellowPages UAE profile | mobile | https://www.yellowpages-uae.com/aarya-auto-repairs-llc-160763"",""UAE0605"""
"2026-03-05,""Aat Services LLC"",""Aat Services LLC"",""Dubai"","" 00"",""WhatsApp"",""NEW"",""Review and send compliant outreach"",""2026-03-05"",""YellowPages UAE profile | mobile | https://www.yellowpages-uae.com/aat-services-llc-191925"",""UAE0609"""
"2026-03-05,""AATCO General Trading LLC"",""AATCO General Trading LLC"",""Dubai"","" 00"",""WhatsApp"",""NEW"",""Review and send compliant outreach"",""2026-03-05"",""YellowPages UAE profile | mobile | https://www.yellowpages-uae.com/aatco-general-trading-llc-158850"",""UAE0611"""
"2026-03-05,""Aats"",""Aats"",""Dubai"","" 00"",""WhatsApp"",""NEW"",""Review and send compliant outreach"",""2026-03-05"",""YellowPages UAE profile | mobile | https://www.yellowpages-uae.com/aats-183520"",""UAE0617"""
"2026-03-05,""Aazer Security Equipment LLC"",""Aazer Security Equipment LLC"",""Dubai"","" 00"",""WhatsApp"",""NEW"",""Review and send compliant outreach"",""2026-03-05"",""YellowPages UAE profile | mobile | https://www.yellowpages-uae.com/aazer-security-equipment-llc-184589"",""UAE0619"""
"2026-03-05,""AB Capital Services"",""AB Capital Services"",""Dubai"","" 00"",""WhatsApp"",""NEW"",""Review and send compliant outreach"",""2026-03-05"",""YellowPages UAE profile | mobile | https://www.yellowpages-uae.com/ab-capital-services-193000"",""UAE0620"""
"2026-03-05,""Ab Dab Electronics Exchange"",""Ab Dab Electronics Exchange"",""Dubai"","" 00"",""WhatsApp"",""NEW"",""Review and send compliant outreach"",""2026-03-05"",""YellowPages UAE profile | mobile | https://www.yellowpages-uae.com/ab-dab-electronics-exchange-179696"",""UAE0621"""
"2026-03-05,""AB Fitness"",""AB Fitness"",""Dubai"","" 00"",""WhatsApp"",""NEW"",""Review and send compliant outreach"",""2026-03-05"",""YellowPages UAE profile | mobile | https://www.yellowpages-uae.com/ab-fitness-193438"",""UAE0622"""
"2026-03-05,""AB Mixology Hospitality Services LLC"",""AB Mixology Hospitality Services LLC"",""Dubai"","" 00"",""WhatsApp"",""NEW"",""Review and send compliant outreach"",""2026-03-05"",""YellowPages UAE profile | mobile | https://www.yellowpages-uae.com/ab-mixology-hospitality-services-llc-188542"",""UAE0624"""
"2026-03-05,""AB Print House LLC"",""AB Print House LLC"",""Dubai"","" 00"",""WhatsApp"",""NEW"",""Review and send compliant outreach"",""2026-03-05"",""YellowPages UAE profile | mobile | https://www.yellowpages-uae.com/ab-print-house-llc-188408"",""UAE0626"""
"2026-03-05,""Ababil Metal Processing LLC"",""Ababil Metal Processing LLC"",""Dubai"","" 00"",""WhatsApp"",""NEW"",""Review and send compliant outreach"",""2026-03-05"",""YellowPages UAE profile | mobile | https://www.yellowpages-uae.com/ababil-metal-processing-llc-184834"",""UAE0630"""
"2026-03-05,""Abacus Legal Consultants"",""Abacus Legal Consultants"",""Dubai"","" 00"",""WhatsApp"",""NEW"",""Review and send compliant outreach"",""2026-03-05"",""YellowPages UAE profile | mobile | https://www.yellowpages-uae.com/abacus-legal-consultants-170102"",""UAE0634"""
"2026-03-05,""Abalone General Trading LLC"",""Abalone General Trading LLC"",""Dubai"","" 00"",""WhatsApp"",""NEW"",""Review and send compliant outreach"",""2026-03-05"",""YellowPages UAE profile | mobile | https://www.yellowpages-uae.com/abalone-general-trading-llc-185171"",""UAE0641"""
"2026-03-05,""Abaq Al Yasmin Wall Painting Services"",""Abaq Al Yasmin Wall Painting Services"",""Dubai"","" 00"",""WhatsApp"",""NEW"",""Review and send compliant outreach"",""2026-03-05"",""YellowPages UAE profile | mobile | https://www.yellowpages-uae.com/abaq-al-yasmin-wall-painting-services-182987"",""UAE0644"""
"2026-03-05,""Abasco Tools Trading LLC"",""Abasco Tools Trading LLC"",""Dubai"","" 00"",""WhatsApp"",""NEW"",""Review and send compliant outreach"",""2026-03-05"",""YellowPages UAE profile | mobile | https://www.yellowpages-uae.com/abasco-tools-trading-llc-181018"",""UAE0646"""
"2026-03-05,""Abaya Mart"",""Abaya Mart"",""Dubai"","" 00"",""WhatsApp"",""NEW"",""Review and send compliant outreach"",""2026-03-05"",""YellowPages UAE profile | mobile | https://www.yellowpages-uae.com/abaya-mart-187635"",""UAE0651"""
"2026-03-05,""Abazar Interiors"",""Abazar Interiors"",""Dubai"","" 00"",""WhatsApp"",""NEW"",""Review and send compliant outreach"",""2026-03-05"",""YellowPages UAE profile | mobile | https://www.yellowpages-uae.com/abazar-technical-workshop-179707"",""UAE0655"""
"2026-03-05,""Abazar Shelving"",""Abazar Shelving"",""Dubai"","" 00"",""WhatsApp"",""NEW"",""Review and send compliant outreach"",""2026-03-05"",""YellowPages UAE profile | mobile | https://www.yellowpages-uae.com/abazar-shelving-169052"",""UAE0657"""
"2026-03-05,""ABB Industries LLC"",""ABB Industries LLC"",""Dubai"","" 00"",""WhatsApp"",""NEW"",""Review and send compliant outreach"",""2026-03-05"",""YellowPages UAE profile | mobile | https://www.yellowpages-uae.com/abb-industries-llc-113741"",""UAE0660"""
"2026-03-05,""Abbadi Technical Services"",""Abbadi Technical Services"",""Dubai"","" 00"",""WhatsApp"",""NEW"",""Review and send compliant outreach"",""2026-03-05"",""YellowPages UAE profile | mobile | https://www.yellowpages-uae.com/abbadi-technical-services-180269"",""UAE0664"""
"2026-03-05,""Abbas Juma Clearing and Forwarding LLC"",""Abbas Juma Clearing and Forwarding LLC"",""Dubai"","" 00"",""WhatsApp"",""NEW"",""Review and send compliant outreach"",""2026-03-05"",""YellowPages UAE profile | mobile | https://www.yellowpages-uae.com/abbas-jum-clearing-and-forwarding-llc-152920"",""UAE0672"""
"2026-03-05,""Abbas Steel Tank Factory LLC"",""Abbas Steel Tank Factory LLC"",""Dubai"","" 00"",""WhatsApp"",""NEW"",""Review and send compliant outreach"",""2026-03-05"",""YellowPages UAE profile | mobile | https://www.yellowpages-uae.com/abbas-steel-tank-factory-llc-114984"",""UAE0680"""
"2026-03-05,""Abbas Yousuf Trading LLC"",""Abbas Yousuf Trading LLC"",""Dubai"","" 00"",""WhatsApp"",""NEW"",""Review and send compliant outreach"",""2026-03-05"",""YellowPages UAE profile | mobile | https://www.yellowpages-uae.com/abbas-yousuf-trading-llc-112466"",""UAE0683"""
"2026-03-05,""Abbm Facilities Management"",""Abbm Facilities Management"",""Dubai"","" 00"",""WhatsApp"",""NEW"",""Review and send compliant outreach"",""2026-03-05"",""YellowPages UAE profile | mobile | https://www.yellowpages-uae.com/abbm-facilities-management-183947"",""UAE0686"""
"2026-03-05,""ABBU Technical Services"",""ABBU Technical Services"",""Dubai"","" 00"",""WhatsApp"",""NEW"",""Review and send compliant outreach"",""2026-03-05"",""YellowPages UAE profile | mobile | https://www.yellowpages-uae.com/abbu-technical-services-177767"",""UAE0689"""
"2026-03-05,""ABC Cargo And Courier LLC"",""ABC Cargo And Courier LLC"",""Dubai"","" 00"",""WhatsApp"",""NEW"",""Review and send compliant outreach"",""2026-03-05"",""YellowPages UAE profile | mobile | https://www.yellowpages-uae.com/abc-cargo-and-courier-llc-170103"",""UAE0692"""
"2026-03-05,""Abc Cargo Courier Llc"",""Abc Cargo Courier Llc"",""Dubai"","" 00"",""WhatsApp"",""NEW"",""Review and send compliant outreach"",""2026-03-05"",""YellowPages UAE profile | mobile | https://www.yellowpages-uae.com/abc-cargo-courier-llc-183466"",""UAE0694"""
"2026-03-05,""Abc LLC"",""Abc LLC"",""Dubai"","" 00"",""WhatsApp"",""NEW"",""Review and send compliant outreach"",""2026-03-05"",""YellowPages UAE profile | mobile | https://www.yellowpages-uae.com/abc-llc-169614"",""UAE0696"""
"2026-03-05,""ABC Sportfields LLC"",""ABC Sportfields LLC"",""Dubai"","" 00"",""WhatsApp"",""NEW"",""Review and send compliant outreach"",""2026-03-05"",""YellowPages UAE profile | mobile | https://www.yellowpages-uae.com/abc-sportfields-llc-187327"",""UAE0699"""
"2026-03-05,""ABC Sportfields LLC"",""ABC Sportfields LLC"",""Dubai"","" 00"",""WhatsApp"",""NEW"",""Review and send compliant outreach"",""2026-03-05"",""YellowPages UAE profile | mobile | https://www.yellowpages-uae.com/abc-sportfields-llc-187327"",""UAE0700"""
"2026-03-05,""ABC Surveys"",""ABC Surveys"",""Dubai"","" 00"",""WhatsApp"",""NEW"",""Review and send compliant outreach"",""2026-03-05"",""YellowPages UAE profile | mobile | https://www.yellowpages-uae.com/abc-surveys-153784"",""UAE0701"""
"2026-03-05,""Abco Uniform"",""Abco Uniform"",""Dubai"","" 00"",""WhatsApp"",""NEW"",""Review and send compliant outreach"",""2026-03-05"",""YellowPages UAE profile | mobile | https://www.yellowpages-uae.com/abco-uniform-180519"",""UAE0704"""
"2026-03-05,""Abcom Office Supplies LLC"",""Abcom Office Supplies LLC"",""Dubai"","" 00"",""WhatsApp"",""NEW"",""Review and send compliant outreach"",""2026-03-05"",""YellowPages UAE profile | mobile | https://www.yellowpages-uae.com/abcom-office-supplies-llc-134269"",""UAE0707"""
"2026-03-05,""Abcomm Security and Surveillance"",""Abcomm Security and Surveillance"",""Dubai"","" 00"",""WhatsApp"",""NEW"",""Review and send compliant outreach"",""2026-03-05"",""YellowPages UAE profile | mobile | https://www.yellowpages-uae.com/abcomm-security-and-surveillance-169534"",""UAE0709"""
"2026-03-05,""Abcon Branding"",""Abcon Branding"",""Dubai"","" 00"",""WhatsApp"",""NEW"",""Review and send compliant outreach"",""2026-03-05"",""YellowPages UAE profile | mobile | https://www.yellowpages-uae.com/abcon-branding-192632"",""UAE0710"""
"2026-03-05,""Abcon Safety Consultancy LLC"",""Abcon Safety Consultancy LLC"",""Dubai"","" 00"",""WhatsApp"",""NEW"",""Review and send compliant outreach"",""2026-03-05"",""YellowPages UAE profile | mobile | https://www.yellowpages-uae.com/abcon-safety-consultancy-llc-192417"",""UAE0712"""
"2026-03-05,""Abcon Safety Consultancy LLC"",""Abcon Safety Consultancy LLC"",""Dubai"","" 00"",""WhatsApp"",""NEW"",""Review and send compliant outreach"",""2026-03-05"",""YellowPages UAE profile | mobile | https://www.yellowpages-uae.com/abcon-safety-consultancy-llc-192417"",""UAE0713"""
"2026-03-05,""Abdolute Events"",""Abdolute Events"",""Dubai"","" 00"",""WhatsApp"",""NEW"",""Review and send compliant outreach"",""2026-03-05"",""YellowPages UAE profile | mobile | https://www.yellowpages-uae.com/abdolute-events-158938"",""UAE0721"""
"2026-03-05,""ABDOS Lamitubes Manufacturing LLC"",""ABDOS Lamitubes Manufacturing LLC"",""Dubai"","" 00"",""WhatsApp"",""NEW"",""Review and send compliant outreach"",""2026-03-05"",""YellowPages UAE profile | mobile | https://www.yellowpages-uae.com/abdos-lamitubes-manufacturing-llc-185953"",""UAE0722"""
"2026-03-05,""Abdul Fatah Marzooqi Trading Co LLC"",""Abdul Fatah Marzooqi Trading Co LLC"",""Dubai"","" 00"",""WhatsApp"",""NEW"",""Review and send compliant outreach"",""2026-03-05"",""YellowPages UAE profile | mobile | https://www.yellowpages-uae.com/abdul-fatah-marzooqi-trading-co-llc-187037"",""UAE0734"""
"2026-03-05,""Abdul Gafoor &amp"
"2026-03-05,""Abdul Ghani Glass &amp"
"2026-03-05,""Abdul Kadir Hakimuddin Trading Co"",""Abdul Kadir Hakimuddin Trading Co"",""Dubai"","" 00"",""WhatsApp"",""NEW"",""Review and send compliant outreach"",""2026-03-05"",""YellowPages UAE profile | mobile | https://www.yellowpages-uae.com/abdul-kadir-hakimuddin-trading-co-183660"",""UAE0752"""
"2026-03-05,""Abdul Kadir Hakimuddin Trading Co LLC"",""Abdul Kadir Hakimuddin Trading Co LLC"",""Dubai"","" 00"",""WhatsApp"",""NEW"",""Review and send compliant outreach"",""2026-03-05"",""YellowPages UAE profile | mobile | https://www.yellowpages-uae.com/abdul-kadir-hakimuddin-trading-co-llc-176658"",""UAE0754"""
"2026-03-05,""Abdul Naveed Malik Technical And Cleaning LLC"",""Abdul Naveed Malik Technical And Cleaning LLC"",""Dubai"","" 00"",""WhatsApp"",""NEW"",""Review and send compliant outreach"",""2026-03-05"",""YellowPages UAE profile | mobile | https://www.yellowpages-uae.com/abdul-naveed-malik-technical-and-cleaning-llc-179204"",""UAE0763"""
"2026-03-05,""Abdul Noor Al Rais Group"",""Abdul Noor Al Rais Group"",""Dubai"","" 00"",""WhatsApp"",""NEW"",""Review and send compliant outreach"",""2026-03-05"",""YellowPages UAE profile | mobile | https://www.yellowpages-uae.com/abdul-noor-al-rais-group-12451"",""UAE0765"""
"2026-03-05,""Abdul Rahim Ali Mohd and Sons"",""Abdul Rahim Ali Mohd and Sons"",""Dubai"","" 00"",""WhatsApp"",""NEW"",""Review and send compliant outreach"",""2026-03-05"",""YellowPages UAE profile | mobile | https://www.yellowpages-uae.com/abdul-rahim-ali-mohd-and-sons-112814"",""UAE0774"""
"2026-03-05,""Abdul Rahman Abdul Rahim Al Zarooni Passenger Transport"",""Abdul Rahman Abdul Rahim Al Zarooni Passenger Transport"",""Dubai"","" 00"",""WhatsApp"",""NEW"",""Review and send compliant outreach"",""2026-03-05"",""YellowPages UAE profile | mobile | https://www.yellowpages-uae.com/abdul-rahman-abdul-rahim-al-zarooni-passenger-transport-158815"",""UAE0780"""
"2026-03-05,""Abdul Rahman Abdulla Building Material"",""Abdul Rahman Abdulla Building Material"",""Dubai"","" 00"",""WhatsApp"",""NEW"",""Review and send compliant outreach"",""2026-03-05"",""YellowPages UAE profile | mobile | https://www.yellowpages-uae.com/abdul-rahman-abdulla-building-material-188623"",""UAE0782"""
"2026-03-05,""Abdul Razzaq Mohiddin Abdulla Trading Establishment"",""Abdul Razzaq Mohiddin Abdulla Trading Establishment"",""Dubai"","" 00"",""WhatsApp"",""NEW"",""Review and send compliant outreach"",""2026-03-05"",""YellowPages UAE profile | mobile | https://www.yellowpages-uae.com/abdul-razzaq-mohiddin-abdulla-trading-establishment-181286"",""UAE0807"""
"2026-03-05,""Abdul Rehman Mudassar Transportation LLC"",""Abdul Rehman Mudassar Transportation LLC"",""Dubai"","" 00"",""WhatsApp"",""NEW"",""Review and send compliant outreach"",""2026-03-05"",""YellowPages UAE profile | mobile | https://www.yellowpages-uae.com/abdul-rehman-mudassar-transportation-llc-190600"",""UAE0812"""
"2026-03-05,""AMR General Trading Co LLC"",""AMR General Trading Co LLC"",""Dubai"","" 00"",""WhatsApp"",""NEW"",""Review and send compliant outreach"",""2026-03-05"",""YellowPages UAE profile | mobile | https://www.yellowpages-uae.com/a-m-r-trdg-co-llc-161343"",""UAE0817"""
"2026-03-05,""AST Technical Services LLC"",""AST Technical Services LLC"",""Dubai"","" 00"",""WhatsApp"",""NEW"",""Review and send compliant outreach"",""2026-03-05"",""YellowPages UAE profile | mobile | https://www.yellowpages-uae.com/a-s-t-technical-services-llc-168570"",""UAE0818"""
"2026-03-05,""AST Technical Services LLC"",""AST Technical Services LLC"",""Dubai"","" 00"",""WhatsApp"",""NEW"",""Review and send compliant outreach"",""2026-03-05"",""YellowPages UAE profile | mobile | https://www.yellowpages-uae.com/a-s-t-technical-services-llc-168570"",""UAE0819"""
"2026-03-05,""World of Pens and Accessories"",""World of Pens and Accessories"",""Dubai"","" 00"",""WhatsApp"",""NEW"",""Review and send compliant outreach"",""2026-03-05"",""YellowPages UAE profile | mobile | https://www.yellowpages-uae.com/a-world-of-pens-and-accessories-113932"",""UAE0825"""
"2026-03-05,""A2Y Construction and Electromechanical"",""A2Y Construction and Electromechanical"",""Fujairah"","" 00"",""WhatsApp"",""NEW"",""Review and send compliant outreach"",""2026-03-05"",""YellowPages UAE profile | mobile | https://www.yellowpages-uae.com/a2y-construction-and-electromechanical-176192"",""UAE0829"""
"2026-03-05,""A F Compressors Middle East FZE"",""A F Compressors Middle East FZE"",""Jebel Ali"","" 00"",""WhatsApp"",""NEW"",""Review and send compliant outreach"",""2026-03-05"",""YellowPages UAE profile | mobile | https://www.yellowpages-uae.com/a-f-compressors-middle-east-fze-142672"",""UAE0847"""
"2026-03-05,""AAA Freight Services"",""AAA Freight Services"",""Jebel Ali"","" 00"",""WhatsApp"",""NEW"",""Review and send compliant outreach"",""2026-03-05"",""YellowPages UAE profile | mobile | https://www.yellowpages-uae.com/aaa-freight-services-169117"",""UAE0856"""
"2026-03-05,""AK Cladding LLC"",""AK Cladding LLC"",""Jebel Ali"","" 00"",""WhatsApp"",""NEW"",""Review and send compliant outreach"",""2026-03-05"",""YellowPages UAE profile | mobile | https://www.yellowpages-uae.com/a-k-cladding-180847"",""UAE0868"""
"2026-03-05,""123 Cargo LLC"",""123 Cargo LLC"",""Sharjah"","" 00"",""WhatsApp"",""NEW"",""Review and send compliant outreach"",""2026-03-05"",""YellowPages UAE profile | mobile | https://www.yellowpages-uae.com/123-cargo-llc-170093"",""UAE0883"""
"2026-03-05,""360 Degree Global Trading FZC"",""360 Degree Global Trading FZC"",""Sharjah"","" 00"",""WhatsApp"",""NEW"",""Review and send compliant outreach"",""2026-03-05"",""YellowPages UAE profile | mobile | https://www.yellowpages-uae.com/360-degree-global-trading-fzc-172573"",""UAE0887"""
"2026-03-05,""360 Degree Hub"",""360 Degree Hub"",""Sharjah"","" 00"",""WhatsApp"",""NEW"",""Review and send compliant outreach"",""2026-03-05"",""YellowPages UAE profile | mobile | https://www.yellowpages-uae.com/360-degree-hub-189058"",""UAE0888"""
"2026-03-05,""4U Power Generation FZC"",""4U Power Generation FZC"",""Sharjah"","" 00"",""WhatsApp"",""NEW"",""Review and send compliant outreach"",""2026-03-05"",""YellowPages UAE profile | mobile | https://www.yellowpages-uae.com/4u-power-generation-fzc-188988"",""UAE0891"""
"2026-03-05,""A Alico Ltd"",""A Alico Ltd"",""Sharjah"","" 00"",""WhatsApp"",""NEW"",""Review and send compliant outreach"",""2026-03-05"",""YellowPages UAE profile | mobile | https://www.yellowpages-uae.com/a-alico-ltd-141175"",""UAE0895"""
"2026-03-05,""A Alvares"",""A Alvares"",""Sharjah"","" 00"",""WhatsApp"",""NEW"",""Review and send compliant outreach"",""2026-03-05"",""YellowPages UAE profile | mobile | https://www.yellowpages-uae.com/a-alvares-145325"",""UAE0897"""
"2026-03-05,""A Movers"",""A Movers"",""Sharjah"","" 00"",""WhatsApp"",""NEW"",""Review and send compliant outreach"",""2026-03-05"",""YellowPages UAE profile | mobile | https://www.yellowpages-uae.com/a-movers-177497"",""UAE0909"""
"2026-03-05,""A Royal Fifty3 LLC"",""A Royal Fifty3 LLC"",""Sharjah"","" 00"",""WhatsApp"",""NEW"",""Review and send compliant outreach"",""2026-03-05"",""YellowPages UAE profile | mobile | https://www.yellowpages-uae.com/a-royal-fifty3-llc-180085"",""UAE0914"""
"2026-03-05,""A T Generators"",""A T Generators"",""Sharjah"","" 00"",""WhatsApp"",""NEW"",""Review and send compliant outreach"",""2026-03-05"",""YellowPages UAE profile | mobile | https://www.yellowpages-uae.com/a-t-generators-106587"",""UAE0916"""
"2026-03-05,""A.alico.LLC"",""A.alico.LLC"",""Sharjah"","" 00"",""WhatsApp"",""NEW"",""Review and send compliant outreach"",""2026-03-05"",""YellowPages UAE profile | mobile | https://www.yellowpages-uae.com/aalicollc-182855"",""UAE0918"""
"2026-03-05,""AAAP Business Services FZE"",""AAAP Business Services FZE"",""Sharjah"","" 00"",""WhatsApp"",""NEW"",""Review and send compliant outreach"",""2026-03-05"",""YellowPages UAE profile | mobile | https://www.yellowpages-uae.com/aaap-business-services-fze-191165"",""UAE0921"""
"2026-03-05,""AAB Electricals"",""AAB Electricals"",""Sharjah"","" 00"",""WhatsApp"",""NEW"",""Review and send compliant outreach"",""2026-03-05"",""YellowPages UAE profile | mobile | https://www.yellowpages-uae.com/aab-electricals-170101"",""UAE0922"""
"2026-03-05,""Aadiyogi FZC"",""Aadiyogi FZC"",""Sharjah"","" 00"",""WhatsApp"",""NEW"",""Review and send compliant outreach"",""2026-03-05"",""YellowPages UAE profile | mobile | https://www.yellowpages-uae.com/aadiyogi-fzc-190550"",""UAE0924"""
"2026-03-05,""Aaly Qadar Hardware &amp"
"2026-03-05,""Aaly Qadar Hardware &amp"
"2026-03-05,""Aamer And Amma Motors Middle East FZC"",""Aamer And Amma Motors Middle East FZC"",""Sharjah"","" 00"",""WhatsApp"",""NEW"",""Review and send compliant outreach"",""2026-03-05"",""YellowPages UAE profile | mobile | https://www.yellowpages-uae.com/aamer-and-amma-motors-middle-east-fzc-189511"",""UAE0930"""
"2026-03-05,""Aarvi Encon Private Ltd"",""Aarvi Encon Private Ltd"",""Sharjah"","" 00"",""WhatsApp"",""NEW"",""Review and send compliant outreach"",""2026-03-05"",""YellowPages UAE profile | mobile | https://www.yellowpages-uae.com/aarvi-encon-private-ltd-103563"",""UAE0932"""
"2026-03-05,""Aarvi Encon Private Ltd"",""Aarvi Encon Private Ltd"",""Sharjah"","" 00"",""WhatsApp"",""NEW"",""Review and send compliant outreach"",""2026-03-05"",""YellowPages UAE profile | mobile | https://www.yellowpages-uae.com/aarvi-encon-private-ltd-103563"",""UAE0933"""
"2026-03-05,""Aarya Engineering FZC"",""Aarya Engineering FZC"",""Sharjah"","" 00"",""WhatsApp"",""NEW"",""Review and send compliant outreach"",""2026-03-05"",""YellowPages UAE profile | mobile | https://www.yellowpages-uae.com/aarya-engineering-fzc-136237"",""UAE0934"""
"2026-03-05,""Ab Alkhair Sona Grocery"",""Ab Alkhair Sona Grocery"",""Sharjah"","" 00"",""WhatsApp"",""NEW"",""Review and send compliant outreach"",""2026-03-05"",""YellowPages UAE profile | mobile | https://www.yellowpages-uae.com/ab-alkhair-sona-grocery-166513"",""UAE0936"""
"2026-03-05,""Abacus IT Solutions FZE"",""Abacus IT Solutions FZE"",""Sharjah"","" 00"",""WhatsApp"",""NEW"",""Review and send compliant outreach"",""2026-03-05"",""YellowPages UAE profile | mobile | https://www.yellowpages-uae.com/abacus-it-solutions-fze-148490"",""UAE0938"""
"2026-03-05,""Abacus IT Solutions FZE"",""Abacus IT Solutions FZE"",""Sharjah"","" 00"",""WhatsApp"",""NEW"",""Review and send compliant outreach"",""2026-03-05"",""YellowPages UAE profile | mobile | https://www.yellowpages-uae.com/abacus-it-solutions-fze-148490"",""UAE0939"""
"2026-03-05,""Abba Events and Exhibitions LLC"",""Abba Events and Exhibitions LLC"",""Sharjah"","" 00"",""WhatsApp"",""NEW"",""Review and send compliant outreach"",""2026-03-05"",""YellowPages UAE profile | mobile | https://www.yellowpages-uae.com/abba-events-and-exhibitions-llc-123435"",""UAE0944"""
"2026-03-05,""Abba Events and Exhibitions LLC"",""Abba Events and Exhibitions LLC"",""Sharjah"","" 00"",""WhatsApp"",""NEW"",""Review and send compliant outreach"",""2026-03-05"",""YellowPages UAE profile | mobile | https://www.yellowpages-uae.com/abba-events-and-exhibitions-llc-123435"",""UAE0945"""
"2026-03-05,""Abbad Soil and Building Material Testing"",""Abbad Soil and Building Material Testing"",""Sharjah"","" 00"",""WhatsApp"",""NEW"",""Review and send compliant outreach"",""2026-03-05"",""YellowPages UAE profile | mobile | https://www.yellowpages-uae.com/abbad-soil-and-building-material-testing-179601"",""UAE0950"""
"2026-03-05,""Abbas Ali Hardware &amp"
"2026-03-05,""Abbas Ali Hardware &amp"
"2026-03-05,""ABC Ceramics"",""ABC Ceramics"",""Sharjah"","" 00"",""WhatsApp"",""NEW"",""Review and send compliant outreach"",""2026-03-05"",""YellowPages UAE profile | mobile | https://www.yellowpages-uae.com/abc-ceramics-181500"",""UAE0957"""
"2026-03-05,""ABC Chemical Exports Pvt Limited"",""ABC Chemical Exports Pvt Limited"",""Sharjah"","" 00"",""WhatsApp"",""NEW"",""Review and send compliant outreach"",""2026-03-05"",""YellowPages UAE profile | mobile | https://www.yellowpages-uae.com/abc-chemical-exports-pvt-limited-118939"",""UAE0958"""
"2026-03-05,""Abdelhamid &amp"
"2026-03-05,""Abdul Basit Farooq Auto Rep"",""Abdul Basit Farooq Auto Rep"",""Sharjah"","" 00"",""WhatsApp"",""NEW"",""Review and send compliant outreach"",""2026-03-05"",""YellowPages UAE profile | mobile | https://www.yellowpages-uae.com/abdul-basit-farooq-auto-rep-190067"",""UAE0967"""
"2026-03-05,""Abdul Ghani Medical Center"",""Abdul Ghani Medical Center"",""Sharjah"","" 00"",""WhatsApp"",""NEW"",""Review and send compliant outreach"",""2026-03-05"",""YellowPages UAE profile | mobile | https://www.yellowpages-uae.com/abdul-ghani-medical-center-6011"",""UAE0968"""
"2026-03-05,""Abdul Mannan Ahmed Auto Paints &amp"
"2026-03-05,""Abdul Mannan Ahmed Auto Paints &amp"
"2026-03-05,""Abdul Rahman Al Bah Building Materials Trading Co LLC"",""Abdul Rahman Al Bah Building Materials Trading Co LLC"",""Sharjah"","" 00"",""WhatsApp"",""NEW"",""Review and send compliant outreach"",""2026-03-05"",""YellowPages UAE profile | mobile | https://www.yellowpages-uae.com/abdul-rahman-al-bah-bldg-mat-trdg-co-llc-151181"",""UAE0975"""
"2026-03-05,""Abdul Rahman Al Bah Building Materials Trading Co LLC"",""Abdul Rahman Al Bah Building Materials Trading Co LLC"",""Sharjah"","" 00"",""WhatsApp"",""NEW"",""Review and send compliant outreach"",""2026-03-05"",""YellowPages UAE profile | mobile | https://www.yellowpages-uae.com/abdul-rahman-al-bah-bldg-mat-trdg-co-llc-151181"",""UAE0976"""
"2026-03-05,""Abdul Rahman Al Mouni Tyres Services"",""Abdul Rahman Al Mouni Tyres Services"",""Sharjah"","" 00"",""WhatsApp"",""NEW"",""Review and send compliant outreach"",""2026-03-05"",""YellowPages UAE profile | mobile | https://www.yellowpages-uae.com/abdul-rahman-al-mouni-tyres-services-123271"",""UAE0978"""
"2026-03-05,""Abdul Razzaq Auto Glass"",""Abdul Razzaq Auto Glass"",""Sharjah"","" 00"",""WhatsApp"",""NEW"",""Review and send compliant outreach"",""2026-03-05"",""YellowPages UAE profile | mobile | https://www.yellowpages-uae.com/abdul-razzaq-auto-glass-150001"",""UAE0983"""
"2026-03-05,""Abdul Saeed Abdul Hameed Scrap Metal Alum and Copper Scrap Tr"",""Abdul Saeed Abdul Hameed Scrap Metal Alum and Copper Scrap Tr"",""Sharjah"","" 00"",""WhatsApp"",""NEW"",""Review and send compliant outreach"",""2026-03-05"",""YellowPages UAE profile | mobile | https://www.yellowpages-uae.com/abdul-saeed-abdul-hameed-scrap-metal-alum-and-copper-scrap-tr-189176"",""UAE0984"""
"2026-03-05,""Abdul Saeed Abdul Hameed Scrap Metal Alum and Copper Scrap Tr"",""Abdul Saeed Abdul Hameed Scrap Metal Alum and Copper Scrap Tr"",""Sharjah"","" 00"",""WhatsApp"",""NEW"",""Review and send compliant outreach"",""2026-03-05"",""YellowPages UAE profile | mobile | https://www.yellowpages-uae.com/abdul-saeed-abdul-hameed-scrap-metal-alum-and-copper-scrap-tr-189176"",""UAE0985"""
"2026-03-05,""Anwar Al Bashaier Bldg Mat Tr Co LLC"",""Anwar Al Bashaier Bldg Mat Tr Co LLC"",""Sharjah"","" 00"",""WhatsApp"",""NEW"",""Review and send compliant outreach"",""2026-03-05"",""YellowPages UAE profile | mobile | https://www.yellowpages-uae.com/a-al-bashaier-trading-corp-116317"",""UAE0986"""
"2026-03-05,""A to Z Steel Company LLC"",""A to Z Steel Company LLC"",""Umm Al Quwain"","" 00"",""WhatsApp"",""NEW"",""Review and send compliant outreach"",""2026-03-05"",""YellowPages UAE profile | mobile | https://www.yellowpages-uae.com/a-to-z-steel-company-llc-111575"",""UAE0989"""
"2026-03-05,""A1 Carton and Packaging Industry LLC"",""A1 Carton and Packaging Industry LLC"",""Umm Al Quwain"","" 00"",""WhatsApp"",""NEW"",""Review and send compliant outreach"",""2026-03-05"",""YellowPages UAE profile | mobile | https://www.yellowpages-uae.com/a1-carton-and-packaging-industry-llc-190042"",""UAE0991"""
"2026-03-05,""A1 Plastic Industry"",""A1 Plastic Industry"",""Umm Al Quwain"","" 00"",""WhatsApp"",""NEW"",""Review and send compliant outreach"",""2026-03-05"",""YellowPages UAE profile | mobile | https://www.yellowpages-uae.com/a1-plastic-industry-158326"",""UAE0993"""
"2026-03-05,""Abdul Rehman Mohamed Noor Embroidery &amp"
"2026-03-05,""A-One Fire Fighting and Safety Equipments"",""A-One Fire Fighting and Safety Equipments"",""Umm Al Quwain"","" 00"",""WhatsApp"",""NEW"",""Review and send compliant outreach"",""2026-03-05"",""YellowPages UAE profile | mobile | https://www.yellowpages-uae.com/a-one-fire-fighting-and-safety-equipments-129803"",""UAE0999"""
